Recording,Label
A4363,6
A4447,4
A0822,5
A0415,2
A5712,1
A0191,6
A3850,8
A0248,3
A5697,1
A1944,6
A4557,8
A5832,8
A4490,2
A1389,2
A5816,7
A5916,1
A1530,5
A0240,3
A2407,2
A5080,3
A5587,2
A5811,5
A3323,4
A4181,9
A4210,3
A6704,7
A0597,1
A5873,3
A3105,5
A1103,8
A6232,5
A6682,8
A2649,8
A6850,2
A0837,7
A0962,8
A3048,2
A6075,5
A2687,1
A5515,6
A5842,2
A2967,2
A5595,2
A1290,8
A4674,8
A1412,5
A6792,3
A6546,2
A3624,5
A0549,2
A1325,8
A1466,4
A1399,5
A6159,5
A0697,7
A4283,8
A4723,5
A4609,6
A5788,3
A3710,5
A5807,5
A1069,5
A3311,1
A5255,5
A4411,5
A6310,6
A6001,8
A4066,1
A6738,2
A4639,5
A5019,3
A1671,7
A0180,5
A3841,5
A6150,3
A4431,5
A2885,2
A0554,6
A4684,5
A0447,4
A1216,2
A3859,5
A0991,1
A6017,8
A5003,3
A1010,2
A0056,8
A0919,6
A0295,6
A3242,3
A5715,8
A0425,3
A2298,8
A4460,8
A4648,5
A0849,2
A1134,3
A2456,5
A4309,5
A1383,1
A2546,5
A3112,2
A4629,6
A2240,5
A3416,3
A1743,5
A1834,7
A1135,6
A6573,1
A6124,6
A4093,1
A4599,3
A4298,9
A2460,8
A0756,7
A4706,5
A1122,1
A1951,5
A4464,9
A2548,2
A4715,7
A3130,5
A3029,9
A4276,7
A4594,2
A2862,8
A0856,5
A3414,8
A3449,8
A3635,5
A1996,5
A6628,3
A1109,8
A5609,9
A5336,5
A0277,7
A1850,5
A5112,7
A5638,5
A5082,3
A2184,5
A2768,8
A6462,5
A1870,5
A1903,4
A6273,5
A6417,2
A1794,7
A2133,3
A2107,3
A3461,7
A3539,9
A2755,3
A6553,3
A3544,5
A6663,3
A0175,1
A6002,7
A4295,8
A6283,6
A3800,1
A1281,7
A1473,5
A1603,2
A0030,1
A1769,8
A0341,8
A5824,8
A1535,3
A2469,1
A0567,1
A5166,2
A4465,5
A3905,5
A0574,5
A3758,8
A3186,1
A2186,8
A3059,7
A3796,7
A1586,9
A0827,1
A6435,2
A2533,5
A2449,9
A2801,5
A2295,9
A5203,5
A1234,1
A0537,2
A3347,5
A3794,5
A3626,2
A0805,1
A4389,8
A6436,6
A4358,5
A1166,1
A5760,2
A5830,5
A2190,6
A3123,6
A1270,5
A1308,5
A0588,1
A0418,5
A4011,1
A2539,2
A4973,1
A0898,2
A1282,7
A0045,7
A6517,2
A3430,1
A5748,3
A6782,1
A6619,3
A6041,5
A4392,7
A6710,2
A2001,9
A0784,7
A3154,3
A2571,1
A0050,7
A0615,6
A5207,1
A1966,5
A4147,1
A3321,2
A0901,7
A6847,9
A4760,5
A6088,5
A2761,5
A3574,3
A1262,3
A3188,6
A1132,5
A1390,5
A3738,3
A0874,5
A4285,7
A0547,2
A1428,3
A5487,4
A2855,8
A3534,5
A6735,1
A1568,5
A4291,1
A0963,2
A0085,5
A5478,3
A4561,2
A5318,5
A5977,5
A6253,1
A2952,2
A1298,8
A2474,9
A5868,3
A1640,7
A2815,6
A6820,5
A2228,7
A5121,6
A5385,5
A6837,2
A0337,5
A1350,7
A2226,5
A4880,3
A2123,8
A6485,1
A3969,2
A5125,1
A4861,8
A5335,5
A5592,2
A3805,5
A5054,2
A2728,6
A5941,1
A3694,6
A0659,8
A1883,3
A2411,3
A6416,2
A1154,2
A6794,6
A0398,4
A2843,9
A6011,3
A4736,4
A6033,5
A2956,1
A2538,1
A5766,3
A6255,8
A3468,8
A3684,3
A0600,5
A6691,8
A5195,2
A3506,5
A2846,5
A3568,5
A3778,3
A2622,3
A0580,8
A0031,7
A5813,6
A5684,6
A4718,2
A5411,4
A1841,5
A6535,1
A3974,7
A3456,2
A6163,8
A0300,5
A6784,8
A1900,7
A5402,5
A0028,5
A3824,3
A1922,3
A0585,3
A3803,6
A5808,4
A6171,5
A3791,1
A4047,9
A6427,8
A5699,5
A4908,5
A3957,5
A6808,3
A2283,5
A5351,7
A6836,8
A6830,5
A2637,5
A1731,5
A3899,8
A1352,8
A2050,7
A3502,6
A1913,3
A3200,5
A0409,3
A5951,8
A1723,8
A4374,1
A0022,5
A5214,3
A3191,5
A0368,8
A5142,5
A6617,1
A5068,7
A2520,5
A0499,5
A3734,2
A1061,5
A2152,8
A1086,7
A3810,8
A4319,6
A5053,7
A2472,2
A6231,1
A1447,1
A5772,2
A5604,3
A6777,2
A5060,5
A1888,8
A5349,5
A0251,6
A0204,7
A2372,8
A0314,5
A5614,7
A5001,8
A1439,7
A5779,1
A2359,6
A3138,5
A1957,2
A5767,8
A6768,5
A0462,7
A4607,6
A5310,8
A1619,5
A6679,3
A0773,2
A2436,5
A3853,7
A3602,3
A1912,5
A6524,5
A5314,9
A4786,7
A0952,1
A6769,8
A5042,5
A2466,5
A4191,5
A2924,7
A4213,1
A3334,3
A2816,7
A0163,9
A2167,5
A3422,1
A3918,8
A3079,2
A6534,6
A2983,4
A6271,8
A4288,6
A5420,3
A0391,3
A2308,8
A1319,5
A3904,6
A2247,5
A5466,4
A5875,8
A1323,2
A1088,5
A2357,2
A1582,1
A3909,3
A6713,2
A0026,2
A3580,5
A1423,2
A2963,8
A6358,1
A5992,1
A5102,7
A6187,7
A5607,2
A4982,6
A4156,6
A5973,4
A2638,5
A6368,2
A0303,3
A0113,6
A5378,8
A4935,9
A2760,7
A5165,3
A4036,1
A2221,2
A2639,2
A2537,5
A4517,8
A4198,3
A0931,2
A2837,6
A5468,5
A5553,5
A3821,6
A0579,1
A6581,5
A0470,2
A6172,2
A4345,2
A0565,1
A3835,2
A0980,7
A1614,3
A5884,2
A5713,1
A6355,8
A5024,6
A2207,8
A0488,8
A5493,1
A2536,4
A3857,3
A0525,2
A2514,7
A3412,5
A1859,5
A3962,8
A1415,5
A4785,1
A6387,2
A3021,5
A0179,1
A2746,7
A3431,1
A2066,2
A1727,6
A2173,7
A3966,5
A1091,6
A1302,3
A6574,5
A1197,5
A1068,7
A1930,7
A4612,6
A5706,3
A6748,3
A2965,5
A6760,3
A5319,6
A1866,7
A1404,6
A2783,2
A2150,2
A2923,1
A3400,7
A1064,7
A6389,8
A6288,2
A5406,2
A2643,2
A3369,5
A6268,5
A2313,5
A1053,2
A5079,3
A6344,8
A4997,2
A1713,2
A3326,5
A6032,3
A4912,7
A0713,2
A4470,5
A1687,3
A2565,2
A0327,1
A3811,3
A1952,5
A5617,6
A2560,7
A3299,4
A2745,5
A2781,5
A4424,9
A2214,7
A4143,8
A5482,1
A0212,3
A4977,3
A2634,7
A2028,2
A4970,7
A1322,7
A1984,8
A1231,7
A2883,5
A3314,6
A2780,8
A3390,3
A0544,7
A6278,5
A4737,1
A0220,2
A5353,2
A0279,2
A0188,3
A3368,5
A2656,6
A4527,2
A4406,8
A3488,5
A2799,7
A3514,6
A1736,1
A0162,7
A2432,3
A0420,8
A2356,5
A0002,1
A6350,8
A4201,5
A5426,7
A0966,7
A3051,4
A3462,5
A2678,5
A4610,5
A3421,3
A0993,2
A6785,5
A6637,5
A1690,5
A4972,2
A6070,1
A0258,5
A0694,6
A4901,7
A3953,5
A4206,5
A3388,5
A0174,9
A0937,3
A6237,5
A5357,7
A1250,6
A6035,6
A1647,8
A0677,3
A0771,5
A5120,3
A1484,1
A6398,2
A0394,6
A6698,2
A1005,6
A1828,3
A5923,7
A3815,7
A6776,8
A6729,8
A5301,5
A3128,1
A3035,7
A6726,5
A2819,5
A1338,5
A2797,5
A4959,7
A3133,8
A0221,1
A5061,5
A3618,3
A1502,7
A4562,6
A1360,9
A3052,6
A4963,1
A3476,2
A5856,7
A1459,1
A2332,2
A0181,5
A3183,2
A1195,4
A6519,6
A5652,2
A4105,2
A3401,2
A6719,8
A0364,5
A1123,9
A1592,5
A6855,5
A3180,2
A1124,2
A4696,2
A1880,1
A6408,6
A0787,7
A5571,2
A0305,1
A0011,4
A3071,8
A2896,8
A0780,6
A3070,5
A1730,5
A3522,7
A1676,5
A6528,1
A4708,7
A0242,5
A4672,6
A6846,1
A1612,2
A0442,2
A5584,2
A3108,5
A6284,1
A2264,1
A0855,6
A4314,5
A3215,1
A5057,5
A6876,2
A3158,2
A1532,5
A5950,1
A4777,2
A5643,5
A5730,2
A2884,7
A4462,5
A1443,5
A2642,2
A6062,3
A1577,3
A0190,1
A4341,2
A2445,5
A5874,2
A2600,1
A6755,2
A6869,2
A6359,6
A3053,5
A6248,5
A2595,2
A5695,8
A6260,6
A6448,3
A4887,8
A2382,6
A5681,6
A4551,2
A5122,8
A3649,2
A5886,3
A6349,7
A1921,1
A2006,6
A6875,4
A4305,3
A4207,1
A3983,7
A1177,8
A6572,5
A5769,5
A1798,6
A6106,4
A2593,6
A1750,9
A2991,6
A5953,5
A3512,3
A4388,6
A5020,2
A4924,5
A3583,5
A1733,5
A4692,8
A2162,3
A0860,5
A2841,1
A2616,7
A2013,7
A1806,1
A5762,3
A3237,6
A0431,7
A0859,5
A0645,7
A3644,2
A1066,2
A0335,1
A4144,5
A6515,7
A2063,8
A0782,2
A2369,8
A5890,6
A4301,2
A2791,2
A2566,3
A1080,8
A4968,1
A6639,3
A2142,1
A4707,6
A4448,1
A3121,8
A1510,6
A0972,6
A4024,1
A0652,9
A3063,9
A0063,9
A1784,6
A3385,8
A1385,6
A2915,3
A3830,2
A1706,8
A1148,8
A0069,5
A1138,3
A0831,5
A0625,7
A4084,8
A2868,1
A6006,3
A1813,7
A0870,5
A5119,7
A2383,1
A6486,2
A1989,3
A2318,5
A2479,2
A1102,5
A6363,1
A3654,9
A4503,1
A3310,8
A2120,7
A5354,5
A0606,6
A4768,3
A1249,2
A3848,4
A5258,6
A1291,2
A0927,2
A4572,6
A0306,2
A2224,8
A1904,5
A3091,5
A1244,6
A5631,8
A5343,2
A5212,5
A5038,3
A4666,4
A2118,2
A4116,4
A1752,8
A0134,5
A5633,7
A4975,6
A1630,1
A6303,6
A0429,1
A0603,6
A2726,8
A4216,6
A1867,2
A6829,5
A2183,8
A0604,5
A5651,2
A4166,2
A0899,5
A6168,8
A1214,9
A1024,1
A3147,2
A1928,1
A2096,5
A6491,1
A4226,2
A5805,2
A2279,4
A2931,7
A3771,5
A3009,6
A0325,3
A0766,7
A0388,7
A6345,7
A3086,1
A4049,8
A2505,1
A5536,7
A5328,5
A6301,7
A3930,1
A4658,3
A1550,5
A0824,1
A3387,2
A2583,1
A2962,2
A6583,5
A2181,3
A0186,2
A0509,5
A5233,3
A4426,8
A3244,7
A0958,7
A5906,1
A2056,6
A3471,3
A5796,3
A0740,5
A0316,2
A2978,2
A4137,2
A5210,7
A4100,5
A3950,9
A6522,8
A6798,2
A2192,5
A3359,3
A6142,7
A1953,2
A4015,1
A0970,6
A5399,8
A2499,8
A4542,5
A4347,2
A3929,3
A3466,7
A3745,1
A3607,8
A0956,5
A0072,9
A0883,5
A6749,3
A5872,2
A6051,6
A3671,1
A1517,6
A2898,5
A2463,2
A5529,2
A6767,8
A3065,8
A6487,2
A5376,2
A5440,7
A1606,2
A6020,1
A6235,3
A5701,2
A0503,8
A3908,3
A4802,5
A5288,5
A3526,6
A5935,5
A5731,8
A2284,2
A2861,7
A5897,2
A3666,2
A4349,5
A4438,8
A6414,9
A4439,3
A1387,7
A6603,5
A4598,5
A1414,3
A2410,3
A5116,5
A6068,2
A6019,3
A5750,7
A1964,1
A5680,8
A6683,8
A5801,4
A4583,5
A2327,6
A1937,3
A0498,2
A6674,4
A5425,5
A0111,8
A3813,5
A3313,3
A1753,2
A4033,6
A3603,1
A6319,3
A2572,6
A5930,6
A0617,1
A4322,7
A6299,6
A1792,2
A1457,3
A6635,5
A5549,5
A2316,9
A3395,5
A4192,7
A1699,1
A6542,1
A3676,2
A2663,8
A0684,2
A3923,5
A2010,8
A0264,1
A2916,3
A4262,1
A4367,5
A4911,7
A2329,5
A4485,6
A5552,7
A2205,1
A1665,2
A0422,5
A1939,3
A6313,7
A4677,5
A5327,3
A4196,5
A0568,3
A3371,4
A2341,8
A4228,1
A2612,2
A4653,9
A5831,5
A1986,5
A5187,2
A3152,8
A4342,6
A1693,3
A6151,5
A6715,8
A1726,3
A6627,8
A0413,5
A6298,1
A4734,9
A5741,1
A0865,6
A1667,1
A3282,2
A0557,5
A2324,2
A1396,5
A1178,5
A1299,2
A6034,5
A1556,3
A0467,5
A2450,6
A4657,8
A0156,7
A1289,5
A1991,6
A2784,5
A1467,5
A6357,3
A1265,5
A1251,1
A1077,1
A5866,1
A1694,2
A5537,4
A4691,2
A4106,2
A4230,2
A0130,7
A5538,5
A6577,3
A4646,5
A1293,5
A0763,2
A6549,1
A6456,2
A2515,2
A5979,6
A4844,5
A6500,7
A1519,6
A5545,2
A0392,2
A4579,7
A1059,7
A2702,1
A6218,5
A3731,2
A6393,2
A2567,5
A1907,8
A3993,3
A2157,2
A2393,5
A0891,1
A4129,2
A1114,8
A2543,1
A5557,2
A5910,7
A4670,8
A2553,4
A5250,5
A1700,1
A2248,3
A6016,1
A5568,3
A4650,5
A5268,1
A0885,5
A5415,3
A4256,5
A3231,6
A6372,5
A1165,2
A3155,1
A5834,2
A3409,7
A4035,2
A3330,2
A1431,8
A1107,5
A4418,1
A4054,7
A4763,4
A0785,1
A4338,9
A5823,2
A1569,6
A3175,1
A2325,8
A6382,8
A3324,3
A3281,6
A3253,5
A4965,7
A0102,3
A0915,5
A2085,5
A5372,3
A6609,2
A6161,7
A4530,5
A2442,1
A5291,5
A0531,2
A1590,5
A0621,8
A4090,6
A6533,5
A5194,1
A4743,1
A1855,3
A2705,5
A4307,7
A3110,5
A5781,7
A2312,8
A1591,3
A3364,7
A1617,5
A6740,7
A3057,8
A0039,3
A0166,1
A0301,8
A5347,5
A6645,5
A0333,3
A6308,3
A1082,1
A1402,3
A3986,8
A0846,5
A3720,6
A2060,1
A2290,6
A4214,2
A5768,7
A4533,6
A2941,5
A6459,5
A3546,6
A0543,2
A0792,3
A1223,5
A1837,5
A5785,1
A6508,2
A0108,6
A2391,8
A5913,1
A2523,9
A3565,7
A1495,7
A5429,1
A1652,8
A3040,9
A4810,6
A5097,3
A1675,5
A5200,5
A2854,6
A2695,6
A3089,5
A2163,5
A5282,7
A4900,3
A4855,2
A5579,1
A4123,2
A3692,4
A1540,5
A4784,8
A4781,1
A3325,6
A3856,7
A5388,2
A1679,7
A2831,3
A2863,2
A4731,3
A0438,2
A2609,1
A4065,1
A5683,5
A4764,7
A6593,8
A3854,5
A3203,5
A0909,8
A2754,5
A0455,6
A3981,1
A1960,9
A4134,5
A1432,2
A4243,5
A3582,1
A6426,8
A4627,8
A0361,9
A6128,7
A0290,2
A4933,2
A5922,6
A5274,8
A2296,5
A1684,2
A3702,2
A6096,5
A2597,5
A3005,5
A2635,8
A4357,5
A4217,5
A0981,5
A6282,2
A3585,6
A4872,5
A0433,5
A5915,2
A4027,3
A3781,7
A2927,7
A1371,2
A3376,8
A5662,7
A2415,5
A0331,2
A0540,3
A1034,7
A4407,8
A0601,2
A3769,1
A5106,9
A6217,8
A6133,8
A0484,2
A4835,5
A4559,2
A5618,6
A3184,3
A4371,1
A3019,7
A0157,1
A1339,1
A1596,3
A3951,2
A0560,5
A3448,5
A5956,6
A0057,4
A6770,5
A3255,1
A3876,2
A6686,5
A0722,6
A6226,2
A2986,1
A6409,5
A6251,5
A4738,5
A4756,5
A4456,1
A4294,5
A6525,5
A4328,9
A0578,5
A1599,1
A0495,2
A6806,1
A0832,5
A4726,8
A2631,7
A0982,8
A2238,5
A6141,9
A2953,5
A4964,4
A6848,5
A1781,2
A1789,2
A1349,1
A0342,3
A3047,2
A3871,3
A0449,8
A1571,5
A2925,1
A0616,7
A5495,5
A2703,2
A6241,5
A3125,3
A1593,8
A3212,2
A5698,5
A6851,2
A6304,1
A2525,6
A4399,1
A6432,6
A5022,3
A3761,8
A4340,9
A3852,4
A6689,8
A3584,5
A4596,1
A3284,5
A2895,1
A1740,5
A1096,1
A1554,3
A1200,5
A1508,1
A2092,8
A0623,8
A1116,5
A0559,7
A1658,5
A3062,8
A3587,8
A5835,7
A1355,5
A2937,3
A2857,2
A2872,3
A0081,4
A0343,8
A0096,5
A0271,2
A0738,5
A5869,6
A3332,8
A5619,4
A1843,5
A1497,6
A0037,1
A3521,7
A1141,1
A2619,3
A5972,6
A6220,4
A3027,6
A2766,6
A4884,6
A5171,2
A3309,2
A2606,3
A0510,3
A2253,1
A5728,3
A0417,3
A1379,5
A1983,1
A5888,3
A1388,2
A6438,5
A2497,5
A4910,1
A0556,4
A2599,7
A0533,7
A3935,5
A0432,8
A3985,2
A2277,5
A5228,7
A2748,8
A5139,2
A4313,2
A0742,7
A4952,1
A1055,3
A4744,1
A2671,6
A2193,2
A1972,8
A6083,5
A3862,6
A2658,5
A2672,2
A2119,8
A2354,8
A4095,9
A0118,3
A0975,9
A2716,2
A1717,8
A4394,4
A0709,9
A0402,3
A3246,1
A3172,6
A6160,8
A3977,7
A3435,1
A4865,5
A6404,7
A3497,7
A6038,5
A2197,1
A3898,1
A4636,2
A3054,5
A2554,3
A4991,7
A4799,8
A0229,1
A5885,5
A2033,3
A3286,7
A2778,5
A1081,9
A0104,3
A2321,6
A2220,3
A0196,8
A3482,7
A4110,2
A4773,3
A1254,4
A1230,6
A1275,4
A2498,1
A4257,1
A3159,6
A6699,1
A1549,5
A0592,7
A1242,6
A6606,1
A3567,2
A1424,2
A2417,3
A1078,3
A4114,3
A3561,2
A2366,7
A0620,8
A1417,8
A0836,2
A2753,5
A0138,5
A2917,5
A2270,5
A0948,2
A0064,2
A0463,6
A4005,2
A0055,6
A4660,1
A1490,5
A4081,5
A5465,1
A5128,2
A2251,4
A5074,6
A2929,2
A0120,9
A4044,5
A3594,7
A2821,2
A1918,6
A4994,1
A5679,2
A3117,8
A3525,6
A5243,8
A4498,5
A1853,3
A3889,6
A1366,2
A5847,7
A2556,7
A2227,3
A3337,3
A2544,1
A5451,8
A2451,3
A2769,8
A0051,5
A6810,4
A6197,7
A3945,7
A6495,8
A3198,2
A3171,2
A0091,6
A4119,6
A5475,8
A2073,7
A4732,2
A0366,3
A6374,5
A1637,3
A2534,2
A0942,3
A1610,1
A5501,8
A2091,6
A6423,4
A0370,2
A2320,5
A3833,8
A1179,6
A3129,1
A6111,8
A0918,1
A6650,5
A0732,8
A1445,8
A3570,2
A5169,3
A2585,5
A5334,6
A4029,8
A2246,1
A5497,8
A6305,6
A6050,8
A5815,2
A3094,2
A1097,1
A4577,5
A1260,2
A3413,1
A2074,5
A0960,8
A6661,3
A4279,2
A0528,1
A4252,8
A4386,4
A5070,7
A3434,5
A1173,8
A1860,6
A3459,8
A0458,6
A2285,1
A0953,6
A3600,1
A5852,8
A1021,7
A1838,8
A5967,5
A4890,5
A5957,4
A3320,2
A3064,2
A3349,4
A6666,5
A1316,8
A6857,6
A3280,2
A6503,2
A3178,3
A3259,2
A4642,2
A1191,5
A3907,5
A4400,7
A2735,6
A3247,7
A0985,1
A1201,2
A6207,5
A1993,1
A3000,3
A5010,2
A5410,8
A3438,7
A0203,2
A6391,8
A0653,1
A4414,5
A3940,2
A3078,2
A6421,6
A1481,8
A1153,5
A6746,2
A4203,5
A3753,2
A1763,3
A6214,8
A3558,7
A3264,5
A4920,1
A5397,2
A5152,5
A2966,8
A3467,8
A5173,3
A6209,5
A4755,7
A6690,4
A6066,1
A0160,5
A4794,1
A2802,8
A1187,9
A0614,1
A2933,2
A6281,5
A0047,6
A5723,5
A3991,3
A5185,5
A5578,5
A1180,2
A6612,1
A2686,5
A2111,2
A4296,9
A1008,2
A4606,8
A5240,2
A5355,8
A4487,3
A0502,2
A2471,7
A6396,5
A1504,2
A2596,8
A3221,1
A5220,2
A6624,1
A4926,4
A4860,2
A2011,7
A6098,1
A1079,8
A0959,3
A0123,7
A4818,5
A0505,1
A4721,2
A6576,8
A4208,1
A1433,5
A1486,8
A0079,5
A4664,8
A6263,8
A1621,5
A2199,8
A4466,8
A5025,3
A5654,9
A2335,7
A1403,8
A1854,7
A2779,5
A2304,9
A2168,1
A1711,3
A0897,8
A0386,3
A3197,4
A4315,5
A3251,9
A4614,7
A6585,1
A1065,4
A0599,8
A0265,6
A0536,5
A6838,2
A2349,6
A1695,1
A2608,5
A2121,5
A1703,3
A5130,8
A4624,2
A2268,6
A0460,5
A1012,1
A0761,5
A3839,8
A6307,1
A5181,2
A4765,2
A5052,8
A5257,3
A5306,5
A4611,5
A3936,6
A3566,8
A1407,3
A6441,5
A6331,1
A3278,8
A5516,1
A1923,9
A1257,1
A0077,8
A5878,2
A5871,8
A4221,5
A0811,5
A1552,5
A4229,2
A3454,1
A5117,2
A5098,2
A3002,3
A2657,3
A4195,6
A5786,4
A0522,5
A2172,9
A5193,4
A1181,2
A1306,5
A5626,2
A3122,3
A3370,8
A0590,6
A4915,2
A1725,2
A4017,8
A0842,3
A1341,5
A1255,2
A6759,5
A4862,1
A0839,8
A3611,5
A3615,2
A3817,3
A4306,5
A5863,9
A0896,5
A1947,7
A2899,2
A1475,7
A2344,2
A1063,8
A0153,2
A6466,1
A1511,6
A0427,5
A4013,5
A6166,4
A0558,5
A2252,3
A3693,5
A4425,5
A1861,5
A6454,5
A5050,8
A1868,3
A0840,2
A2062,5
A4950,2
A1040,7
A2155,8
A6447,1
A6401,5
A3007,3
A2999,5
A1377,2
A5636,1
A5417,3
A4805,2
A4605,6
A2405,7
A5694,1
A1410,5
A3764,2
A5227,5
A6480,6
A2652,5
A1468,2
A1071,5
A6365,3
A4471,5
A1452,6
A3044,1
A5089,2
A2158,2
A6286,1
A2740,5
A2957,5
A2517,2
A3271,7
A1879,5
A4625,3
A2109,2
A1783,7
A5528,8
A4007,1
A5323,3
A1729,2
A3864,4
A2845,2
A1052,8
A3718,5
A6219,2
A5997,5
A4548,1
A0200,5
A3651,1
A2902,2
A0641,5
A1492,8
A0681,7
A6009,8
A5492,8
A6743,2
A4361,2
A6724,2
A2617,5
A6766,5
A2448,5
A4528,5
A2858,5
A2919,1
A0801,5
A5464,6
A6413,5
A3269,1
A2328,5
A6675,2
A3926,5
A0178,5
A0353,6
A5365,5
A3538,4
A1001,7
A1118,7
A5527,3
A4008,5
A3477,5
A3391,5
A3612,9
A0908,8
A1083,7
A4329,3
A4211,5
A2314,8
A2866,8
A2763,2
A4362,3
A3297,3
A6252,1
A6591,9
A4841,7
A5416,2
A5934,1
A4434,7
A0626,5
A3578,5
A5585,5
A6453,8
A4384,6
A2804,9
A6339,5
A4286,1
A6757,3
A2522,2
A3685,2
A0480,1
A2869,8
A4747,7
A4484,6
A1720,2
A6215,2
A5154,8
A3557,1
A6000,2
A5558,5
A5844,5
A1897,6
A4796,2
A6656,5
A1878,6
A5914,2
A1408,7
A6440,5
A0746,3
A2921,1
A1120,8
A5893,2
A1185,7
A5095,6
A1247,8
A4864,6
A0950,3
A1920,7
A3153,1
A0234,8
A2680,5
A1589,2
A2688,5
A3620,3
A2993,6
A0727,1
A2040,1
A2743,6
A2878,5
A5316,8
A3727,5
A1708,8
A5190,2
A5404,2
A6562,7
A5524,5
A3732,1
A5795,2
A2384,5
A1827,8
A1810,3
A3875,5
A6551,2
A6399,7
A2496,1
A1320,3
A1333,5
A3257,5
A2942,5
A5661,3
A6705,3
A2216,7
A1926,8
A1541,8
A6558,6
A2360,3
A2990,1
A0142,5
A6149,2
A0670,5
A3701,2
A2202,3
A2100,2
A1203,5
A1579,5
A5463,6
A4820,5
A1978,2
A6267,5
A3831,6
A2245,8
A3722,3
A4398,1
A4151,3
A2774,5
A4762,2
A4183,2
A5653,6
A3074,8
A3426,5
A2099,7
A4260,5
A5087,7
A3346,5
A4366,1
A6779,5
A3480,5
A4839,2
A0880,5
A0613,2
A1309,5
A1515,1
A4984,1
A4140,7
A1453,6
A6461,5
A2767,5
A4729,5
A3669,2
A0146,7
A2874,7
A6564,6
A0765,4
A1958,2
A6716,1
A4792,5
A6007,3
A3227,7
A0410,5
A6091,3
A2178,3
A3845,7
A6224,7
A4023,5
A0365,1
A2079,5
A3757,5
A4859,7
A1224,2
A6258,1
A4766,8
A4245,5
A6155,5
A5682,3
A2234,8
A4974,2
A3491,5
A3632,5
A6118,1
A5693,1
A2004,9
A5215,6
A0135,5
A1266,5
A5248,1
A1480,1
A5902,7
A1332,3
A5428,1
A5338,5
A5292,5
A5480,5
A2467,8
A6121,4
A4468,1
A5854,2
A1413,9
A0477,5
A2275,1
A5928,4
A2171,5
A6027,8
A5840,8
A3717,1
A5381,7
A2265,4
A5421,2
A4141,6
A0487,5
A5690,4
A3869,1
A0170,1
A1776,1
A0261,5
A6557,1
A1301,1
A6544,5
A6446,4
A5490,3
A1292,2
A6805,6
A0012,7
A0894,6
A0729,8
A2582,1
A0577,5
A1832,6
A3343,2
A4798,3
A0598,2
A3137,1
A2578,5
A4202,5
A5757,2
A3274,5
A3124,5
A3553,8
A3892,5
A1804,6
A1575,2
A3579,1
A3707,8
A4898,5
A3394,1
A5039,7
A5026,8
A1544,5
A0280,3
A3411,7
A1358,3
A2029,8
A0979,2
A1820,6
A5041,2
A1425,6
A2817,1
A6430,3
A6330,1
A3704,5
A1271,5
A1479,9
A3820,2
A0197,6
A1555,1
A5178,6
A5612,5
A0561,5
A1343,5
A2698,8
A3026,6
A5705,9
A6832,1
A4346,8
A3150,7
A1846,7
A4074,7
A1362,3
A2731,3
A3723,1
A5180,1
A1469,7
A5962,5
A6723,6
A4580,6
A0665,1
A2590,2
A0312,1
A3519,5
A3885,8
A3220,1
A2130,7
A1974,3
A3638,5
A3645,5
A5637,2
A0629,2
A0690,1
A4945,5
A5642,7
A6736,2
A3204,5
A5308,2
A2988,1
A3516,9
A4083,5
A3344,5
A6275,9
A0810,3
A0550,1
A3397,2
A6216,5
A5035,5
A1491,8
A5673,9
A2696,2
A3134,1
A0695,2
A5646,6
A2343,3
A1588,9
A1405,8
A4483,6
A1744,3
A3879,1
A6844,8
A5374,5
A4685,5
A2935,5
A0770,8
A0654,3
A3591,5
A5453,8
A0323,6
A2626,1
A2106,5
A3096,7
A3470,1
A3160,5
A2115,5
A0032,9
A5419,7
A1076,2
A5846,2
A3446,7
A5644,1
A2892,7
A4698,5
A4043,2
A6753,6
A3085,1
A4601,5
A4812,9
A2826,5
A4669,8
A0608,5
A4894,3
A3943,6
A2550,1
A2598,7
A6318,1
A4547,8
A5345,7
A4663,2
A0150,2
A6227,2
A6653,7
A4021,8
A2159,2
A6771,5
A6657,9
A5201,1
A5267,2
A4689,5
A3381,3
A1380,6
A1056,1
A2376,5
A1460,8
A1015,1
A1400,5
A2114,5
A1119,5
A6516,3
A2484,1
A2667,1
A2693,5
A5405,1
A4665,7
A5006,5
A6265,5
A0334,5
A6714,5
A4403,3
A2519,7
A5413,7
A3510,2
A4993,5
A2394,9
A1018,5
A0132,3
A6097,2
A1611,8
A5710,4
A0183,5
A0177,1
A0857,4
A3750,3
A2470,7
A5321,5
A1503,5
A1016,2
A4300,9
A3609,9
A1513,8
A0490,5
A4504,1
A1094,2
A5275,2
A5838,1
A4390,5
A4693,8
A6290,2
A6410,5
A4271,8
A1715,6
A1654,5
A3167,5
A1778,1
A6148,6
A4112,5
A2387,8
A4242,3
A5980,8
A5418,2
A0733,7
A2973,3
A1372,2
A3785,8
A0660,3
A4828,1
A1642,1
A0115,6
A3014,3
A2749,5
A4433,5
A2412,5
A4778,5
A3887,5
A4869,3
A0173,1
A6071,5
A5191,6
A0023,2
A4376,8
A5030,7
A2154,1
A4946,1
A4983,4
A4814,2
A4618,1
A3552,5
A4359,5
A0720,5
A5974,6
A0421,2
A2476,7
A6274,1
A4507,3
A2659,2
A4523,6
A5269,5
A6554,7
A1891,1
A1451,8
A5058,8
A4701,5
A4356,2
A1755,8
A4193,2
A0397,8
A3795,1
A5251,8
A3339,2
A3484,2
A4032,1
A5806,7
A2959,5
A0876,5
A6841,5
A0750,3
A3036,6
A5590,7
A2175,8
A0929,1
A4724,2
A6610,5
A1000,7
A1482,2
A4733,6
A4249,7
A3039,2
A4902,8
A0889,2
A0041,1
A3399,1
A2036,5
A4343,5
A3780,2
A2299,5
A2174,5
A1847,5
A3524,8
A4139,2
A5224,5
A1186,4
A0622,7
A2611,2
A6377,8
A4807,5
A4382,5
A5959,1
A5764,2
A1326,5
A2297,2
A1127,5
A0926,5
A0428,3
A2723,5
A6266,2
A0507,3
A3011,9
A6754,5
A1261,8
A3942,5
A4189,7
A0243,3
A6795,8
A3507,2
A3572,4
A0210,1
A6189,5
A1877,8
A5027,5
A3140,2
A4525,7
A2261,1
A6367,6
A4790,1
A2026,8
A0344,1
A0888,9
A4145,8
A1887,2
A2149,5
A6385,7
A5439,9
A3960,8
A2811,8
A5339,2
A6796,8
A2089,1
A5577,8
A6482,5
A2367,8
A1578,2
A2771,8
A2648,8
A4251,1
A1945,5
A0122,2
A6115,3
A6665,2
A5881,6
A1044,2
A5028,5
A6280,8
A3867,1
A3799,6
A2541,5
A6587,5
A5583,3
A5287,5
A3996,7
A2075,8
A4555,8
A1057,5
A3341,3
A0517,6
A1858,7
A0864,1
A4573,5
A0492,5
A2577,4
A5111,5
A1160,7
A5499,1
A6478,1
A1661,2
A6873,3
A3812,5
A2021,7
A1758,6
A5611,3
A5691,7
A1175,1
A2574,8
A0371,1
A4719,1
A2975,2
A4188,5
A5448,4
A2653,5
A0584,2
A0015,5
A3293,7
A3884,6
A6745,5
A3838,5
A0244,4
A0511,3
A3617,9
A5797,7
A4787,8
A0219,5
A5867,2
A3216,5
A0776,7
A1256,5
A5688,3
A1816,6
A0872,6
A5295,5
A2292,6
A6311,6
A2457,8
A6370,7
A5105,7
A6556,8
A5519,5
A2893,3
A0052,7
A5581,7
A3980,6
A0326,5
A1324,2
A2462,1
A4891,5
A3888,2
A4335,2
A4277,8
A4381,1
A2849,2
A2708,9
A0752,6
A5479,7
A6383,5
A3262,5
A6476,1
A6380,1
A6055,5
A2877,7
A1163,2
A6089,5
A5270,5
A5090,7
A1036,3
A4072,7
A1565,6
A3463,8
A4292,5
A1994,3
A6501,1
A6786,8
A4753,7
A1049,5
A5720,7
A0553,8
A4391,5
A2124,6
A4978,5
A1476,5
A3970,8
A1196,5
A0020,1
A3127,2
A2914,8
A6842,7
A5942,7
A4002,3
A0650,3
A0296,5
A2651,7
A4816,2
A5620,1
A4435,5
A1237,6
A1095,8
A4312,5
A1875,2
A1296,9
A1559,5
A0788,2
A3891,8
A3442,1
A1474,5
A6018,4
A3355,7
A5931,6
A1236,9
A3703,5
A1522,5
A2549,1
A1932,2
A2380,1
A3327,1
A2674,7
A2358,8
A4509,5
A0797,5
A1228,5
A5134,6
A3206,6
A1692,1
A0858,1
A5814,8
A5849,4
A0066,5
A3535,3
A5898,6
A0237,6
A6477,6
A3427,8
A3209,2
A2531,7
A3622,2
A2894,8
A2379,6
A1347,6
A0964,2
A4713,5
A6122,9
A4992,8
A6589,8
A1444,7
A3295,5
A6178,8
A4712,6
A6343,7
A2022,1
A5502,2
A6328,5
A1931,2
A5575,5
A2669,3
A3058,7
A1795,2
A0823,1
A5993,6
A2836,3
A0348,1
A5360,3
A4909,6
A5174,8
A4574,5
A6026,1
A5408,8
A3113,8
A6467,1
A1235,4
A6154,1
A3024,2
A1800,8
A2725,2
A5423,5
A2676,8
A3492,7
A2867,4
A4387,1
A4146,1
A3513,1
A4050,7
A0624,5
A6326,2
A3897,6
A4700,5
A1222,7
A2513,4
A5051,7
A4808,1
A1225,7
A5086,5
A1509,4
A3170,3
A4556,5
A6245,2
A3211,1
A5932,8
A2138,5
A1894,3
A4355,5
A4711,3
A4709,2
A6853,1
A1315,2
A6043,2
A1902,2
A5333,5
A2054,3
A3711,5
A4746,9
A3687,8
A3975,1
A2661,1
A0209,5
A6799,3
A4651,8
A0949,5
A5870,3
A0239,3
A3298,5
A6623,1
A4544,2
A5986,1
A6346,6
A6060,2
A3248,7
A4989,5
A3955,2
A2851,4
A6538,3
A5197,3
A1285,6
A4168,8
A5196,6
A5158,8
A3708,5
A5312,6
A2501,1
A5920,7
A1539,6
A4852,5
A4246,3
A3276,8
A0411,5
A3331,4
A6361,3
A2576,8
A3263,1
A2429,2
A6325,5
A6569,1
A5714,1
A1948,2
A2482,2
A1478,5
A4479,7
A4752,5
A6129,8
A6181,6
A2322,8
A1817,2
A1954,8
A1604,2
A5602,1
A2386,6
A2587,7
A6439,1
A4953,5
A0073,1
A2493,1
A1438,6
A2984,4
A3265,1
A4039,4
A4132,2
A3500,1
A2153,6
A0534,1
A3733,1
A4476,2
A3173,6
A5780,2
A6336,3
A6647,3
A4053,2
A5229,1
A1164,2
A4703,2
A2958,3
A0790,5
A6469,5
A4344,2
A0270,6
A1098,2
A0648,1
A0287,1
A5435,6
A3601,1
A0640,1
A3668,3
A3087,5
A0693,2
A0676,5
A1982,3
A1188,5
A1450,7
A4843,8
A3104,5
A5281,5
A5232,5
A0058,9
A5447,6
A3760,2
A4162,2
A6338,7
A1288,9
A5367,4
A5443,2
A6125,5
A6622,5
A5167,5
A0233,1
A4834,2
A6567,2
A1646,5
A4451,1
A3033,3
A3403,2
A2789,9
A2098,5
A1534,1
A2989,5
A4169,7
A3947,1
A5984,1
A5776,5
A1704,6
A2233,1
A3656,5
A1013,5
A2117,7
A2425,5
A6712,1
A4849,3
A2905,7
A6364,5
A6057,5
A1527,5
A4532,1
A5879,5
A3700,5
A2934,7
A1229,1
A6173,5
A1629,1
A5570,5
A2034,7
A2206,1
A4182,5
A1682,5
A1980,6
A4904,7
A0583,6
A3939,7
A0913,8
A1219,2
A3306,5
A2641,2
A1121,1
A3619,1
A2255,7
A5525,3
A2333,8
A0762,7
A6730,3
A6434,1
A0887,2
A6747,5
A2399,5
A0994,2
A2633,5
A2225,1
A3809,5
A0008,8
A2032,7
A2827,5
A0728,5
A5014,5
A5938,4
A4420,5
A1876,1
A0679,5
A5998,8
A1634,8
A5586,1
A5716,1
A6437,1
A4986,3
A4888,1
A6800,5
A4016,2
A5265,8
A3934,8
A3901,3
A5280,6
A5554,6
A0496,6
A2588,1
A1839,9
A0512,1
A5286,1
A0730,5
A0395,1
A1014,8
A3511,8
A6079,5
A3495,7
A3268,6
A3893,1
A0407,8
A0171,5
A5263,4
A6874,8
A0967,6
A4895,1
A5883,1
A6756,5
A0954,7
A2683,5
A5535,6
A5073,2
A0569,1
A6750,8
A2865,8
A5252,2
A1465,5
A5672,7
A3116,6
A5563,7
A2528,5
A4512,1
A5616,1
A5837,2
A6646,7
A1698,1
A6732,3
A3688,5
A4091,7
A6604,1
A3788,1
A1295,6
A6143,8
A6681,1
A6211,5
A3386,3
A6734,1
A0456,2
A0673,5
A1553,3
A6588,2
A3131,5
A0307,8
A5777,5
A0806,5
A0021,9
A0723,3
A0285,1
A0497,1
A0844,8
A3357,5
A0672,2
A2825,5
A6458,3
A0678,7
A6475,4
A1100,5
A2257,1
A5729,7
A5034,3
A3151,3
A1979,1
A5547,3
A2311,9
A1975,9
A0570,5
A6496,2
A6186,2
A1411,2
A2213,5
A2752,5
A6174,2
A0725,3
A3658,8
A2230,2
A1376,1
A2440,6
A5606,4
A3933,7
A5236,5
A4772,1
A1950,2
A4323,5
A4171,2
A3317,2
A6082,5
A2185,5
A1812,5
A4224,5
A2453,3
A4643,5
A5241,1
A0257,2
A6403,6
A0231,2
A5658,2
A2776,5
A5067,7
A3193,5
A6520,2
A6826,8
A4960,5
A2420,5
A1205,3
A1558,1
A2647,2
A2741,5
A5685,2
A0778,3
A0736,1
A2627,2
A0545,2
A3793,5
A6073,3
A5383,8
A0721,1
A5438,2
A2605,9
A3076,3
A6550,5
A3878,6
A1361,6
A4159,2
A3744,6
A0941,2
A4222,5
A2996,6
A1232,2
A2660,1
A3486,7
A5113,5
A3182,2
A5880,7
A5430,3
A6526,8
A2241,2
A6194,2
A2263,5
A0504,2
A2266,6
A0238,3
A4687,1
A6709,1
A0743,1
A1441,4
A0804,2
A4136,3
A2770,1
A3164,3
A2377,1
A1169,7
A3425,2
A4656,1
A5976,1
A2579,6
A2191,3
A5995,2
A2082,5
A3807,5
A4873,5
A6270,6
A0900,5
A2618,2
A4068,8
A3662,5
A0904,1
A6061,2
A1754,4
A6369,2
A5221,6
A2317,1
A4061,8
A6552,2
A2559,7
A4167,1
A0311,5
A0689,2
A3179,1
A4695,3
A5939,5
A2441,1
A5855,5
A5894,6
A5828,8
A6819,8
A2116,5
A2105,2
A2838,5
A3647,6
A6649,5
A4115,1
A2015,5
A0158,7
A6493,5
A0319,6
A3896,6
A1688,6
A1709,3
A3301,5
A5792,8
A1030,2
A5123,5
A3208,9
A1422,8
A3139,8
A0075,1
A0995,2
A5412,6
A0247,2
A6523,6
A3870,9
A6692,3
A6424,7
A5481,1
A1990,6
A3976,3
A4783,6
A1620,2
A0779,5
A3028,8
A1746,5
A6276,6
A5223,1
A3932,1
A2625,7
A0759,5
A1514,2
A1131,7
A6608,5
A3963,5
A0478,2
A0094,1
A1307,5
A2623,7
A4931,1
A4026,8
A0124,6
A5825,5
A4654,6
A0696,5
A3229,3
A5703,2
A5260,5
A5100,6
A0664,2
A2038,8
A3739,1
A6295,2
A3792,7
A4453,6
A2864,3
A1145,3
A5371,3
A1869,1
A5359,6
A5099,5
A5218,6
A1712,2
A0764,3
A3729,6
A1722,1
A1342,4
A4333,5
A3141,3
A6040,8
A3816,1
A4491,3
A0019,2
A3396,5
A0224,6
A0454,7
A0807,4
A3699,3
A3218,1
A5508,2
A1204,8
A1865,5
A4603,5
A4801,8
A2093,2
A0308,7
A6092,2
A5012,4
A1585,2
A5628,5
A1566,8
A3559,5
A5358,7
A4218,6
A3523,5
A6742,5
A6527,5
A3037,8
A1747,8
A2483,8
A2630,3
A2180,2
A1697,8
A5213,5
A6825,3
A4293,5
A0674,1
A0193,1
A2043,1
A1633,8
A5669,5
A3235,5
A4634,4
A0062,6
A0485,5
A5836,3
A3575,5
A5899,7
A0923,2
A0053,5
A6871,8
A1542,1
A3067,5
A1653,2
A1627,1
A6272,7
A4942,6
A0957,5
A2375,2
A5424,7
A1802,9
A6046,1
A0439,8
A4429,1
A2473,1
A2992,2
A0141,1
A2287,5
A5968,5
A6540,7
A5503,8
A4853,1
A2926,5
A5588,8
A3287,5
A0542,3
A2035,5
A3593,3
A0990,6
A0775,5
A2336,2
A6543,8
A4004,5
A5085,4
A6249,1
A2911,1
A2210,7
A4278,5
A2805,1
A1394,3
A5364,8
A5733,5
A2307,9
A3762,6
A5049,2
A6497,5
A4076,3
A4892,2
A1615,8
A2182,7
A2319,5
A4714,1
A1280,6
A5850,8
A6537,5
A5660,4
A0133,1
A6261,5
A0704,5
A3408,5
A6256,6
A0482,1
A1645,5
A4075,2
A0100,8
A4172,5
A5151,5
A4478,9
A5491,3
A0518,2
A1901,5
A1548,8
A2019,2
A4170,5
A5300,2
A0680,6
A2274,5
A5845,7
A5032,6
A5386,1
A3912,1
A0527,1
A2589,6
A6419,5
A1279,8
A0033,8
A4351,1
A1345,5
A2188,7
A6697,1
A1600,9
A6285,7
A2602,8
A4576,1
A4668,1
A1678,5
A5384,2
A1516,6
A2750,5
A5761,6
A4025,3
A4461,2
A2624,6
A0089,1
A2204,1
A6077,3
A4508,8
A2145,9
A2014,1
A5518,5
A6802,5
A0803,1
A5471,5
A0034,9
A1775,7
A5907,4
A0117,2
A5183,1
A0973,1
A0573,8
A0932,2
A5109,3
A2762,6
A1848,8
A1129,1
A6670,5
A0255,5
A2691,2
A4938,7
A0481,1
A1587,8
A6545,7
A3016,4
A4966,5
A5648,5
A4397,5
A2053,5
A4776,3
A5071,7
A5526,2
A0835,2
A5237,1
A1346,5
A3055,5
A6457,6
A5198,8
A0043,5
A6695,2
A6120,5
A5945,9
A0596,3
A2913,8
A1149,2
A3481,7
A0719,2
A4317,1
A4254,2
A1831,1
A4671,9
A4164,3
A0911,1
A5209,8
A2834,5
A4048,5
A0029,1
A1520,8
A2042,5
A4370,1
A2282,5
A6443,8
A1946,6
A2044,5
A3640,9
A4567,5
A3883,5
A0754,3
A1418,2
A6797,8
A0360,5
A4543,1
A4177,2
A3148,2
A4967,1
A6687,8
A2209,5
A5018,5
A4069,6
A2681,6
A5882,5
A5702,4
A5081,7
A6191,7
A2408,3
A6451,6
A4716,7
A3384,5
A0139,9
A1248,3
A4875,5
A6863,2
A5002,4
A5369,5
A5076,5
A2871,7
A4621,5
A3827,3
A6596,5
A3358,1
A3407,5
A2219,1
A4450,7
A3851,9
A1873,5
A3479,3
A5403,8
A2842,1
A0042,3
A3636,4
A0461,6
A0349,5
A1026,7
A6087,8
A1007,2
A3225,5
A6529,5
A5566,1
A3272,1
A6700,5
A0119,5
A2662,5
A5689,8
A4616,5
A4740,3
A5696,8
A6618,8
A0486,6
A5747,7
A5040,7
A2392,8
A6642,6
A4034,5
A1143,9
A0230,5
A6445,6
A2730,1
A1334,7
A4667,7
A4998,2
A1220,1
A4318,6
A3782,8
A0172,3
A2977,5
A4302,8
A2351,6
A5820,2
A4683,5
A3417,7
A5546,8
A5131,1
A2189,5
A6373,4
A1898,3
A2903,2
A6306,1
A4273,8
A0377,7
A2644,2
A6490,8
A5299,7
A0208,1
A3961,8
A6047,2
A0630,4
A2361,5
A2212,5
A1673,8
A5331,5
A4393,5
A4937,7
A4204,8
A2454,1
A0451,5
A6110,8
A0845,7
A2413,5
A3789,7
A6761,3
A4863,5
A0236,3
A2573,2
A5340,3
A0359,8
A0087,5
A6243,5
A3505,1
A5021,5
A1357,5
A2706,2
A0774,1
A4175,1
A5789,6
A0147,9
A0383,2
A6868,7
A0054,9
A6201,7
A0024,7
A1864,1
A4889,2
A4412,5
A4102,1
A2083,6
A3958,3
A4299,1
A3373,5
A2381,7
A1198,9
A3804,3
A2654,5
A5017,8
A1856,2
A5062,5
A2798,7
A2027,2
A1046,8
A5141,2
A2156,9
A3706,8
A2348,2
A3146,5
A0235,2
A5192,3
A5432,6
A2906,3
A5755,8
A1759,8
A4641,5
A5427,1
A0562,3
A1529,5
A1462,2
A5737,1
A3520,3
A5999,8
A4060,5
A1785,7
A5936,5
A4934,5
A5600,1
A0465,6
A3968,3
A2806,5
A3642,6
A3201,5
A1241,1
A6335,2
A0875,8
A0317,2
A4578,5
A1488,3
A5176,6
A0363,2
A0691,3
A1337,1
A5150,5
A3239,1
A5047,3
A2104,3
A2561,5
A5433,2
A6484,7
A2065,4
A6113,6
A0468,2
A6153,3
A2569,1
A0688,3
A4774,8
A5469,2
A1089,7
A2785,1
A3458,5
A4289,8
A5727,1
A2800,5
A3132,8
A5594,1
A3894,1
A0539,3
A6259,8
A6292,5
A1638,3
A2922,6
A0734,4
A3383,5
A1147,6
A0299,6
A3751,1
A0106,8
A0284,3
A0226,5
A3921,5
A5514,3
A4212,7
A6680,8
A5965,3
A1899,5
A4821,2
A1321,9
A2939,2
A3978,7
A4988,5
A1213,4
A2714,2
A1849,5
A0643,2
A5798,5
A1353,1
A1925,3
A6559,1
A4631,1
A2340,9
A4253,5
A3267,8
A4056,5
A2151,1
A0707,2
A6107,5
A6658,6
A2139,5
A2305,3
A6862,2
A3573,5
A6058,7
A0997,6
A6667,7
A6354,5
A3273,3
A4176,1
A4944,1
A6739,8
A6631,3
A6114,1
A3741,7
A3489,6
A0748,5
A1264,7
A3275,5
A0090,1
A3319,8
A3509,2
A2640,2
A2347,1
A1184,2
A2070,1
A2217,5
A0768,5
A0297,8
A6575,8
A6662,5
A6471,5
A4445,5
A0830,5
A6352,2
A2511,2
A6086,5
A2452,3
A1419,1
A6827,5
A4735,7
A6839,3
A2371,1
A2557,6
A6277,2
A3181,5
A1767,3
A4250,8
A1594,8
A1416,8
A2418,7
A5621,4
A4850,6
A6165,2
A2402,1
A5277,7
A2242,1
A6580,1
A1815,5
A2592,9
A0448,1
A6010,4
A3162,5
A0373,3
A5160,5
A3266,8
A1115,1
A0642,8
A1748,7
A5474,8
A6530,6
A0302,5
A3595,6
A4759,8
A4779,2
A3199,8
A0739,6
A2900,3
A2710,4
A5256,3
A4568,2
A4918,5
A6049,5
A6678,1
A6463,3
A6162,1
A4028,5
A5395,5
A2886,3
A1259,7
A4980,2
A5865,7
A4187,8
A5961,5
A6514,5
A2289,2
A5988,5
A3592,8
A3661,6
A1310,4
A0724,7
A3095,5
A4545,5
A3226,8
A4324,9
A3716,8
A2211,2
A5296,3
A1446,7
A5793,3
A6230,8
A0914,5
A4290,6
A4791,1
A3001,2
A5244,1
A5135,5
A3674,8
A5784,2
A1240,5
A2994,6
A0861,5
A2570,1
A0040,8
A5322,1
A5650,5
A6818,3
A0148,8
A3948,7
A2940,5
A0351,2
A3490,5
A1348,5
A1464,3
A6772,1
A4160,1
A0868,8
A3920,1
A5222,8
A3092,7
A6828,7
A3678,5
A1547,3
A2512,5
A5470,1
A4275,1
A6376,5
A0951,1
A0978,9
A1286,7
A4903,3
A5949,8
A6059,2
A0969,6
A5839,6
A3285,5
A4012,2
A5029,2
A5162,3
A2870,5
A6866,6
A4101,2
A0466,5
A4148,3
A2165,1
A1354,6
A5639,3
A0940,5
A1881,8
A2122,9
A0647,5
A1988,3
A4593,8
A4265,7
A0241,7
A6864,3
A4811,1
A6676,2
A3652,3
A3300,7
A3917,2
A1601,2
A3944,7
A4111,7
A1106,1
A1393,7
A0095,5
A1560,5
A3352,5
A1915,5
A6052,6
A4092,6
A6234,4
A6012,1
A0201,8
A0851,8
A6236,2
A3228,1
A4955,5
A4531,5
A6279,4
A2751,1
A4682,2
A1822,5
A5522,5
A1505,5
A1384,8
A2880,2
A4446,5
A3291,4
A3318,3
A5864,6
A0669,3
A6563,5
A3010,5
A5249,7
A1714,1
A0520,1
A0799,2
A2584,7
A2891,1
A3836,5
A6834,5
A6021,1
A3630,7
A1570,5
A4518,5
A2775,2
A2127,1
A5833,6
A3455,5
A2419,1
A0789,5
A4223,2
A2848,2
A6814,8
A1933,2
A2718,2
A4575,6
A5084,2
A3721,7
A2039,5
A2758,7
A6565,1
A2339,2
A3501,1
A5746,2
A4979,4
A3746,3
A1499,6
A1663,3
A3806,1
A1172,7
A6108,5
A3952,3
A1221,5
A4623,5
A0808,5
A1192,7
A4659,8
A6152,2
A0165,8
A5414,3
A0437,3
A4158,2
A0747,2
A6765,5
A0293,5
A4152,2
A3142,8
A5231,7
A0920,5
A1777,2
A1051,5
A1317,2
A4350,2
A0986,3
A3106,6
A2409,2
A6751,7
A1955,3
A1674,1
A2813,6
A5045,5
A3529,1
A1664,6
A3842,4
A5015,8
A3382,8
A1210,3
A2025,5
A0587,8
A3621,4
A1017,2
A6541,1
A6492,8
A5375,3
A3872,5
A2005,3
A5903,5
A3724,3
A2068,7
A5647,8
A6758,6
A2803,5
A4405,8
A2961,5
A0944,7
A1691,3
A3730,5
A3050,6
A4652,8
A0800,1
A4131,5
A2677,5
A3034,3
A6074,9
A0987,1
A5952,6
A4124,5
A0070,3
A0895,3
A3250,1
A2072,9
A6420,6
A3081,1
A1305,5
A0850,2
A4199,8
A2620,9
A2273,1
A1760,3
A0757,7
A0902,4
A5542,8
A2055,8
A4122,4
A6840,7
A1023,3
A1062,8
A5205,6
A5862,8
A5294,1
A1965,2
A2509,8
A6586,6
A1151,1
A3350,1
A1253,8
A4697,8
A6584,2
A4661,5
A3914,7
A1526,2
A1668,1
A5078,2
A1426,6
A2908,4
A0610,7
A6817,7
A3913,3
A6101,8
A3437,2
A0128,8
A1639,7
A1498,3
A2793,7
A2879,7
A4063,6
A6654,7
A4832,1
A1512,8
A3107,2
A2759,2
A6136,1
A2545,7
A3254,2
A6620,3
A5398,2
A4637,6
A6322,6
A1002,2
A1823,8
A5829,2
A0018,4
A2280,8
A2684,6
A4457,3
A5005,3
A5264,5
A6671,2
A6195,1
A2645,2
A2796,1
A1494,8
A0131,4
A3916,5
A0452,7
A1386,5
A2140,5
A4727,2
A1043,8
A6731,7
A2542,5
A1971,1
A5206,5
A6379,5
A4108,2
A1045,5
A3915,3
A0144,7
A2291,5
A0814,5
A5455,5
A2047,5
A3825,5
A4378,1
A6316,4
A2824,1
A5670,5
A3715,2
A4481,8
A0400,8
A6327,5
A6566,6
A1546,5
A3207,6
A0352,5
A2235,3
A0399,6
A5324,3
A1641,5
A6483,3
A5266,1
A6570,8
A0582,6
A5377,2
A0436,5
A1677,7
A4373,5
A1622,4
A4806,1
A2697,2
A5149,1
A3296,5
A0283,1
A5129,7
A2095,9
A4019,1
A2720,7
A2147,5
A2080,7
A0112,5
A5901,8
A5104,7
A2077,6
A2666,3
A1732,2
A3756,8
A5657,7
A6131,2
A5818,7
A5442,2
A4118,5
A3783,8
A0933,2
A3219,5
A6504,1
A6877,7
A0356,5
A1959,6
A3496,2
A6109,5
A1941,2
A6351,1
A0668,5
A3840,2
A0607,4
A2887,2
A0346,6
A4789,8
A5891,1
A5904,5
A5582,5
A0340,8
A5981,5
A4125,5
A2516,7
A5625,8
A1796,6
A3713,1
A1625,6
A3959,5
A4179,5
A2355,3
A3536,2
A0228,5
A2198,9
A5036,8
A5740,5
A3069,6
A0700,2
A5589,2
A3748,6
A3405,2
A5804,5
A6412,7
A0662,5
A6778,5
A6078,5
A5507,8
A2018,3
A3168,6
A4502,2
A5734,7
A4235,1
A6643,1
A5573,7
A1651,5
A0906,5
A6302,2
A5115,5
A5344,5
A5511,2
A4197,7
A4161,3
A6644,3
A2097,5
A6824,1
A1020,3
A4272,2
A6433,7
A1788,3
A1943,1
A5467,2
A0013,8
A4541,9
A5325,2
A2610,2
A2487,3
A1382,5
A0817,5
A1545,3
A1895,2
A1790,8
A0628,5
A0315,1
A4571,1
A5127,3
A4914,6
A1871,8
A5033,3
A0867,5
A6843,6
A0286,5
A4757,7
A5671,5
A6465,5
A0357,1
A1233,2
A5441,5
A1463,1
A6250,2
A3679,2
A3643,1
A4473,5
A4640,8
A1772,5
A0269,7
A6323,1
A2792,1
A5645,2
A4037,2
A2136,8
A5520,6
A2081,2
A1072,2
A4255,3
A5075,5
A2594,2
A1632,7
A3675,5
A6353,6
A0387,1
A6460,5
A2437,8
A3392,1
A4269,3
A0474,5
A1739,8
A2839,2
A0741,3
A3736,8
A2272,5
A5293,5
A3874,3
A3554,5
A5409,5
A3440,3
A4856,7
A1643,5
A4126,3
A5289,3
A1890,5
A0374,2
A1312,8
A4840,5
A4219,1
A4000,5
A1872,4
A4113,1
A0007,2
A1809,3
A3136,4
A5708,5
A1533,8
A2786,5
A6179,5
A0699,2
A2352,5
A1359,3
A5774,4
A1961,1
A5186,3
A0701,2
A5330,3
A5444,5
A4404,2
A2689,5
A4705,9
A0671,5
A2494,5
A4062,2
A4996,5
A3683,5
A6203,8
A5226,3
A5298,8
A2738,6
A5069,7
A3709,2
A0494,5
A0819,8
A2897,3
A2955,5
A4673,6
A4419,8
A5918,7
A0453,1
A3837,8
A3776,1
A5262,7
A2294,3
A5598,3
A5013,1
A1701,8
A4452,8
A0816,3
A5517,8
A0419,1
A4099,1
A0182,7
A0382,5
A6407,7
A0843,1
A5990,8
A6607,3
A0381,8
A6422,2
A0127,5
A1284,6
A0634,1
A6014,3
A1440,2
A1929,7
A0355,8
A2964,2
A5946,7
A3194,5
A6072,6
A1477,6
A3404,4
A3834,3
A2389,2
A6626,5
A5143,6
A3542,7
A5603,1
A3256,1
A2259,6
A0176,1
A4793,5
A1821,5
A2000,5
A6081,4
A2830,3
A3335,4
A2835,3
A1657,9
A4041,2
A1314,5
A5510,6
A6831,2
A6856,4
A4836,2
A3345,5
A3473,5
A1272,1
A3634,3
A1110,8
A5629,2
A4274,8
A1735,8
A5656,7
A3066,3
A5396,2
A5317,7
A3971,1
A1004,8
A3307,1
A1395,6
A6300,2
A1572,7
A5008,5
A4150,7
A6640,3
A0154,8
A3363,1
A3537,2
A4474,1
A5666,2
A6044,2
A3233,3
A4459,2
A1104,5
A5521,2
A0151,5
A4369,8
A3474,6
A4320,6
A0772,1
A0943,7
A5908,5
A1152,5
A3646,9
A6803,2
A5605,6
A4133,7
A6706,2
A1206,8
A6481,4
A4848,6
A2692,2
A1662,5
A0852,3
A2495,1
A2465,3
A1330,8
A6022,2
A5686,8
A0250,5
A6105,6
A2433,1
A4630,5
A0698,7
A5313,6
A5655,2
A4885,8
A0873,8
A1718,2
A5379,7
A2530,3
A4879,5
A4633,5
A2350,1
A0225,5
A4930,6
A0443,5
A2529,2
A0760,4
A3169,2
A2421,7
A4480,8
A3356,5
A6084,8
A6865,8
A1276,8
A1833,6
A3787,2
A6867,2
A3041,3
A0632,1
A1696,8
A5896,5
A0061,2
A5486,1
A2345,7
A1882,2
A1773,8
A1436,7
A1992,5
A1707,5
A5472,8
A6621,1
A1130,3
A0294,5
A5754,2
A2888,6
A6711,5
A5147,7
A5744,5
A1406,7
A2507,1
A6036,5
A1226,6
A2486,8
A0812,3
A5436,2
A4080,7
A4117,7
A4688,9
A3190,7
A2203,8
A2646,3
A2632,5
A0227,6
A5608,5
A6317,2
A4702,1
A4690,5
A4919,2
A3659,2
A5285,6
A6321,7
A6196,1
A3814,1
A2414,5
A1924,1
A5787,2
A6470,3
A6613,9
A5361,7
A5809,1
A1258,6
A0910,5
A0479,5
A4921,7
A2215,5
A4038,5
A0435,2
A1099,3
A2342,5
A1243,5
A3999,5
A5064,5
A2551,2
A0268,5
A4866,8
A2742,8
A2928,3
A1211,6
A1031,3
A4014,7
A0048,8
A6390,1
A5188,4
A2187,8
A3655,1
A1039,5
A0538,3
A3443,8
A0215,5
A6664,8
A0393,9
A0871,8
A1133,5
A4185,9
A0038,1
A4413,7
A2690,3
A0010,5
A6816,9
A3176,7
A2464,7
A5449,1
A6722,5
A0519,2
A0071,2
A3828,1
A0984,8
A5031,3
A1140,5
A1799,5
A5677,2
A0833,2
A0731,2
A3802,8
A3261,1
A6560,1
A3099,3
A2636,3
A3767,8
A5736,5
A3006,3
A2724,5
A0278,8
A1212,5
A4486,1
A1368,6
A6167,8
A4628,6
A4553,8
A2828,8
A0044,4
A4958,7
A3031,3
A4730,2
A4364,1
A6815,2
A1217,3
A5461,9
A3628,5
A1075,8
A1626,2
A5157,7
A0551,2
A3090,8
A5271,5
A0854,5
A0548,4
A2051,5
A6013,2
A4936,8
A2135,3
A0563,5
A1745,5
A5989,2
A1819,8
A2249,2
A3428,5
A1644,7
A5718,2
A3614,5
A4550,1
A2428,1
A0793,5
A0049,6
A3550,5
A0777,7
A0989,2
A3858,1
A4001,5
A4876,8
A4064,7
A6076,9
A3712,5
A1797,2
A5341,5
A1252,2
A1125,6
A1329,2
A3532,3
A5756,5
A1734,8
A1398,5
A3292,5
A0516,3
A3660,5
A5597,8
A2076,3
A6578,2
A3312,5
A2398,1
A0288,3
A2481,3
A6202,6
A3705,5
A4686,1
A0145,2
A5370,6
A4303,8
A0924,6
A3543,2
A4326,5
A1681,3
A1365,8
A5580,3
A3627,2
A1942,5
A5564,4
A0646,2
A4506,3
A3590,1
A3252,6
A2526,7
A1269,5
A0661,6
A2293,8
A3362,7
A5101,2
A4538,5
A5043,8
A0826,7
A1470,1
A1949,1
A3637,5
A2773,1
A5066,7
A0025,7
A3013,8
A0167,6
A3457,8
A4052,7
A3340,8
A2976,1
A5170,2
A2110,1
A4620,8
A1998,5
A6601,5
A4882,1
A5114,1
A3556,4
A2727,3
A0755,6
A2936,2
A4469,5
A0489,5
A2250,5
A6733,5
A4514,8
A3843,5
A3367,2
A1710,9
A4184,8
A4519,8
A6602,2
A5352,6
A0093,9
A5911,3
A5775,2
A4493,7
A1381,1
A3245,8
A5732,1
A2818,8
A3759,8
A3098,2
A0206,1
A1770,7
A3423,1
A1581,3
A5462,9
A1987,5
A1805,8
A0318,8
A1397,2
A3925,1
A5821,7
A0939,7
A3547,6
A6775,8
A6206,8
A0292,3
A4990,2
A3406,5
A3120,5
A0384,2
A2850,2
A3911,5
A0217,2
A5791,2
A5853,5
A6262,4
A4804,3
A4104,9
A5161,8
A5307,4
A5531,2
A6708,8
A5540,5
A4330,8
A0098,5
A3119,4
A4595,3
A4360,5
A4831,7
A5709,5
A3686,5
A3109,9
A3597,2
A0882,7
A2239,7
A1245,7
A0541,4
A1455,7
A3111,5
A1863,3
A3214,5
A2232,5
A6182,7
A6100,5
A6137,3
A5533,2
A3420,5
A2809,8
A4871,5
A4472,9
A0829,5
A6854,8
A1454,3
A2144,3
A6669,5
A5348,5
A2765,5
A3846,3
A2822,7
A0737,2
A5759,7
A1483,4
A4157,7
A3625,1
A3353,3
A6067,6
A1136,2
A1851,9
A1741,3
A5182,8
A2262,1
A6752,5
A1047,9
A0878,5
A4722,9
A4622,5
A3576,5
A0211,5
A3210,7
A4540,3
A5505,3
A3784,7
A0216,5
A5599,6
A1367,5
A6688,2
A5320,2
A0121,2
A0275,6
A0566,2
A2084,2
A5948,8
A6472,8
A2007,5
A2782,5
A3973,1
A0164,1
A1369,5
A4045,2
A5975,3
A3393,5
A4402,9
A2480,7
A1724,3
A4549,6
A0602,7
A0663,2
A5978,5
A6144,5
A6780,1
A4838,2
A5574,3
A0682,6
A6428,2
A6725,5
A3605,6
A3161,5
A5635,1
A3333,2
A3100,1
A1919,5
A4505,2
A1268,9
A5498,1
A6532,7
A1209,5
A4088,1
A3698,7
A1501,1
A3868,6
A6872,5
A3156,7
A6411,8
A2403,1
A2489,3
A4009,2
A5970,1
A4225,5
A4948,9
A3528,7
A3192,2
A5848,2
A3075,2
A2707,8
A0347,6
A4837,6
A0389,6
A3657,1
A5810,5
A1985,8
A4496,2
A6340,4
A5103,8
A1278,8
A1190,7
A5927,7
A5283,5
A4258,8
A3822,9
A0576,1
A0426,1
A5392,7
A3581,6
A4057,7
A2808,7
A4681,6
A2629,4
A5225,2
A0798,6
A2614,6
A2810,5
A3639,7
A6468,9
A0921,7
A3801,9
A0358,2
A3451,9
A3548,1
A1277,3
A6400,8
A0593,6
A0907,2
A3772,5
A2161,5
A6312,6
A1605,2
A6386,3
A1829,5
A2260,8
A3418,2
A1670,5
A1905,5
A1562,2
A3540,7
A4321,5
A4845,9
A1335,5
A0649,5
A0469,9
A4432,4
A4678,1
A5719,7
A4379,3
A0767,6
A0869,8
A0930,9
A5145,7
A6568,1
A2668,7
A2736,3
A2422,8
A3982,7
A0925,2
A1576,5
A4331,2
A4377,7
A6505,6
A6329,5
A6636,5
A0246,3
A1702,1
A5790,2
A0976,3
A0405,2
A0330,1
A4917,7
A2008,5
A6860,7
A3380,6
A0591,5
A4775,5
A2424,5
A5235,5
A6531,5
A1977,2
A0339,5
A1155,2
A4956,8
A2002,3
A6183,9
A2087,4
A2458,9
A5601,5
A3829,1
A2568,3
A5055,8
A1073,6
A2132,8
A2052,1
A5926,6
A5305,5
A6489,5
A2777,3
A3322,5
A1786,6
A1170,5
A5208,2
A6291,8
A4334,5
A3165,3
A3623,4
A5373,1
A1636,3
A0184,2
A1940,6
A0532,5
A3372,5
A3823,6
A5627,2
A2951,5
A1199,2
A5562,5
A4655,3
A0710,2
A4717,3
A3664,2
A4797,5
A5065,8
A5332,8
A1884,5
A1852,2
A4985,6
A6594,3
A3690,1
A4142,5
A2059,5
A1999,6
A2704,2
A0714,8
A4046,8
A2673,5
A4943,5
A5153,5
A4604,4
A0916,7
A4511,2
A1686,5
A6315,6
A2128,7
A2426,1
A0655,5
A0149,1
A0036,9
A6347,1
A4923,5
A2586,5
A2807,5
A0838,1
A2833,2
A0612,3
A4018,7
A4742,3
A2160,5
A5641,9
A3025,6
A5800,5
A2997,8
A5675,1
A6741,2
A0862,2
A3493,6
A4067,3
A0666,7
A1528,2
A2930,5
A1448,3
A5380,2
A2195,5
A0847,6
A2757,2
A1493,5
A1973,2
A4916,3
A2146,5
A0254,1
A1716,8
A6638,3
A4096,5
A4058,5
A0892,1
A6103,5
A3288,8
A1297,2
A1680,5
A2910,6
A5362,2
A3549,8
A5929,2
A3979,8
A2447,3
A6605,2
A5246,5
A4348,8
A1060,5
A0001,5
A3564,8
A6791,5
A4282,5
A2711,5
A4372,2
A4031,3
A5108,1
A1911,5
A4846,6
A4443,3
A3849,2
A3847,6
A2814,5
A4417,2
A6801,1
A0281,1
A1429,3
A5023,2
A3126,5
A3988,8
A3808,2
A0185,8
A1391,2
A1238,2
A2170,1
A1029,5
A2912,8
A0169,5
A3946,8
A6309,1
A0065,2
A6673,6
A3900,5
A1557,1
A3861,2
A1766,1
A2944,1
A6223,2
A6521,1
A0928,5
A2404,6
A0961,5
A2547,1
A5484,5
A2485,7
A5738,3
A1685,1
A1327,1
A4647,6
A4010,6
A4316,7
A0702,8
A2948,8
A3927,2
A6324,5
A1523,8
A2524,5
A6139,5
A5356,2
A2309,8
A5551,9
A0491,2
A5955,1
A4521,7
A0152,5
A3860,6
A5940,1
A4927,5
A3681,2
A5037,4
A6117,3
A6388,8
A2998,3
A0372,5
A2604,5
A5140,5
A6579,3
A4563,1
A2431,8
A2901,7
A6193,5
A6204,6
A4087,8
A2302,9
A3143,2
A1791,3
A3696,8
A1189,1
A4617,6
A2591,1
A0140,8
A5259,3
A1551,5
A4332,7
A1649,1
A4581,5
A4240,8
A3629,1
A6660,7
A4803,8
A6625,8
A6188,1
A4103,5
A5273,2
A5177,3
A0992,5
A6823,6
A4094,2
A6783,5
A4822,8
A3432,2
A4270,6
A5778,3
A5954,8
A6233,7
A3673,4
A3336,5
A2510,3
A2734,5
A0345,5
A3667,5
A6677,9
A6685,2
A6632,3
A3763,2
A1378,4
A0530,2
A3315,2
A0354,5
A5390,8
A3177,2
A0267,2
A4082,5
A2037,6
A3881,2
A5749,5
A5802,1
A1896,5
A4748,5
A4981,2
A4644,1
A3954,3
A5610,8
A4401,1
A4239,5
A5924,4
A4154,1
A0524,5
A5663,7
A4795,8
A5077,1
A1845,5
A0483,2
A6629,2
A6737,5
A1889,2
A6707,5
A6175,3
A0605,6
A5799,5
A3931,5
A2974,4
A0686,2
A2719,5
A5905,1
A4929,4
A0060,8
A2126,1
A3060,5
A5401,2
A1567,1
A5216,8
A2713,5
A1058,8
A3402,2
A3797,7
A5284,2
A1092,5
A6696,2
A5860,3
A1525,5
A4365,2
A1598,2
A5044,6
A5394,5
A2709,8
A6804,6
A5242,4
A0198,2
A4339,2
A3348,5
A1885,9
A2788,5
A5667,1
A6790,2
A6763,5
A1597,8
A0523,3
A6200,3
A3093,3
A6037,2
A6093,1
A4800,8
A5576,5
A0445,5
A4825,5
A1538,2
A4780,5
A5315,7
A1328,5
A3351,1
A5272,6
A6807,4
A2832,5
A1531,1
A3450,5
A0638,6
A5543,5
A3102,7
A4205,2
A1719,8
A1914,1
A0825,8
A6507,1
A3924,1
A4264,8
A2787,5
A4939,5
A1595,7
A2943,7
A5456,5
A2276,5
A3149,3
A3389,6
A4969,7
A1584,7
A6031,8
A1811,6
A3328,5
A5184,7
A5096,5
A2876,2
A3937,5
A4375,8
A0802,5
A3061,8
A2338,5
A1824,3
A3015,8
A5389,1
A4906,5
A4415,7
A6590,1
A6479,5
A6138,5
A5434,3
A2243,8
A3238,1
A2562,3
A5745,2
A2363,6
A6833,5
A4615,2
A2882,2
A1340,5
A4437,1
A4383,6
A3743,5
A4042,3
A3424,1
A3452,3
A5912,2
A5771,6
A4995,5
A0440,7
A4813,5
A5107,2
A0046,9
A3599,9
A4261,2
A2982,1
A6509,8
A5445,2
A2607,8
A1927,2
A0513,2
A2141,5
A1471,3
A1500,8
A5506,5
A6536,1
A0459,7
A6242,5
A4539,5
A0369,6
A1487,6
A4077,6
A3873,1
A3103,7
A4495,5
A1938,1
A5159,2
A6415,1
A3598,5
A4501,3
A3880,8
A0656,2
A3555,4
A3665,8
A1458,2
A2794,2
A1648,2
A0753,1
A2194,7
A2552,5
A5803,5
A2446,2
A3433,2
A3243,9
A5895,2
A3485,1
A4770,8
A6225,2
A4626,5
A4180,3
A2971,1
A4585,5
A4893,3
A6210,2
A2506,7
A0097,6
A2907,5
A6452,3
A0589,7
A5622,2
A6793,5
A6003,3
A5137,1
A6004,5
A0476,1
A3563,2
A3073,3
A1818,5
A5148,1
A5004,1
A1886,5
A0329,7
A2416,6
A5743,5
A4408,4
A0848,2
A5827,1
A3998,6
A3232,8
A4857,3
A0633,5
A6835,2
A5476,3
A4241,5
A5632,3
A3964,8
A3770,4
A4422,1
A5254,7
A6008,5
A1934,3
A5982,5
A3464,7
A3517,2
A6192,8
A5400,2
A0082,4
A4244,6
A3249,5
A5156,2
A6694,2
A2655,3
A4380,3
A6512,7
A2970,3
A4165,5
A3608,1
A2310,2
A3004,5
A2129,7
A0159,7
A2131,1
A5724,2
A2715,2
A5665,4
A4645,5
A1906,5
A2278,2
A0272,2
A3114,5
A3530,5
A0974,7
A4500,4
A3508,5
A0564,2
A0126,2
A6053,7
A4896,3
A6502,8
A2231,4
A6394,8
A6287,3
A4739,6
A3682,6
A4951,8
A6611,2
A1283,8
A2236,5
A2968,5
A3790,1
A3545,2
A2315,4
A5007,7
A6571,2
A5919,3
A6651,5
A3902,4
A5454,2
A6595,8
A1183,2
A4676,5
A5985,7
A2378,2
A4396,1
A4537,5
A5596,8
A1375,5
A4494,5
A1074,7
A0313,6
A5532,5
A4878,5
A5059,6
A3145,4
A6655,5
A5887,7
A0521,6
A4238,2
A3965,5
A4153,5
A2739,7
A5326,5
A2435,5
A5387,1
A0195,8
A1779,3
A6190,3
A1304,5
A1218,3
A1193,5
A0103,7
A3641,2
A0396,5
A4237,1
A5721,5
A1442,8
A2134,6
A3777,6
A6592,2
A4127,5
A0205,2
A4954,5
A2094,5
A5202,5
A2492,8
A6511,5
A6116,5
A3989,1
A2113,2
A4741,4
A2532,5
A5623,5
A1364,5
A1738,5
A4829,2
A1608,2
A6858,6
A6499,5
A4999,5
A1022,2
A3032,2
A6703,8
A2947,2
A5092,9
A4662,1
A1768,4
A4833,3
A4570,1
A5765,1
A2682,2
A2679,5
A6028,8
A6693,5
A4704,5
A5876,3
A5794,5
A5851,5
A3419,5
A5459,5
A3895,6
A5063,3
A5000,2
A1666,5
A2365,3
A4121,5
A6506,1
A3577,4
A0105,7
A1489,1
A1344,5
A1427,2
A4962,7
A5199,7
A5649,2
A6063,6
A5640,5
A3754,2
A0863,7
A0414,5
A2823,5
A6208,7
A0912,2
A4352,6
A1176,1
A5230,7
A1840,6
A5613,2
A1780,5
A2717,5
A6821,1
A4877,9
A3224,5
A2169,2
A2058,7
A0706,2
A4098,1
A2067,5
A1009,1
A2820,1
A0444,8
A6157,5
A0253,4
A5136,5
A4051,5
A5678,3
A1303,5
A5253,1
A5172,8
A3375,6
A3429,9
A6229,6
A0403,8
A6240,8
A4751,1
A0515,7
A5204,5
A4867,1
A5473,8
A4231,7
A4430,5
A0416,3
A3118,8
A4830,5
A4767,8
A2237,2
A3995,2
A2737,4
A4819,5
A4488,3
A5056,5
A3798,2
A2477,3
A4268,5
A4220,7
A6356,7
A0099,7
A5742,5
A1607,2
A2024,3
A5011,3
A1762,2
A6630,7
A4565,5
A6852,5
A1613,1
A0905,6
A5569,3
A5366,5
A4699,5
A5509,1
A2701,5
A0938,5
A1084,4
A4754,1
A0639,2
A4823,7
A0818,8
A3444,5
A5446,7
A6135,2
A3818,1
A4584,2
A4499,7
A4427,5
A6005,5
A0841,1
A1537,3
A0003,2
A0903,8
A0786,8
A1420,5
A5163,1
A3361,6
A4554,2
A1749,3
A4059,8
A5921,5
A4907,8
A4006,5
A3213,2
A3890,8
A0535,5
A4248,2
A6548,6
A0137,6
A3378,4
A6056,3
A2281,8
A0571,5
A4194,2
A5550,8
A6164,2
A4428,5
A0336,3
A2179,5
A0192,1
A4516,8
A5303,7
A0274,2
A5889,5
A2601,8
A2254,9
A6721,2
A4886,5
A5572,1
A1757,2
A6145,5
A4409,2
A6473,4
A4874,2
A0853,3
A3527,3
A1793,5
A6668,5
A2685,1
A4961,1
A3910,3
A0390,2
A4608,5
A0821,6
A2712,2
A4085,5
A1737,4
A2148,2
A6774,5
A3205,5
A5342,4
A3469,5
A1764,2
A1916,5
A5523,4
A3765,8
A0260,2
A3365,6
A4782,9
A4353,5
A1070,2
A4925,3
A0712,5
A6392,5
A5458,5
A4354,2
A3302,5
A0136,6
A2969,8
A4675,7
A1174,7
A4232,7
A3308,2
A0813,7
A3726,2
A6859,7
A5556,4
A2303,6
A3236,8
A2987,2
A0423,5
A3994,3
A5132,8
A5304,9
A6488,2
A2844,5
A3217,1
A6381,2
A0611,5
A3866,8
A4513,7
A1496,4
A5773,4
A3374,5
A4560,2
A5276,5
A2069,5
A1373,5
A1969,7
A6244,5
A6809,1
A0218,5
A4311,5
A4591,2
A0651,3
A5457,6
A4535,8
A5234,5
A2323,6
A1456,1
A4761,6
A4410,7
A6023,5
A3569,1
A4600,8
A6599,5
A5983,3
A6127,2
A4949,5
A4905,2
A3082,4
A0968,1
A3774,8
A3922,1
A4492,6
A0084,7
A2859,6
A1215,2
A0016,1
A0946,3
A2985,2
A2439,7
A1842,2
A0637,3
A3571,8
A2090,6
A1208,1
A3398,2
A1437,1
A6246,5
A5437,1
A4922,5
A1967,9
A1168,1
A5593,4
A4564,9
A6170,2
A6362,5
A6464,1
A6264,3
A2856,5
A1287,2
A0703,5
A3826,5
A3187,5
A2269,7
A4107,2
A6094,6
A4558,5
A5900,7
A2031,2
A0310,7
A3992,1
A5763,1
A6085,5
A0936,5
A3303,2
A1506,5
A1042,1
A6348,8
A6132,3
A5309,5
A0143,1
A2491,8
A3135,7
A6547,7
A0006,5
A2423,7
A3844,5
A1968,2
A5541,5
A5987,3
A1656,2
A0667,5
A1139,5
A4679,3
A6185,5
A2508,5
A0781,5
A0955,1
A0109,2
A6672,5
A1336,8
A4824,2
A1835,5
A5857,2
A3855,2
A5859,1
A1609,5
A5346,5
A4947,1
A1025,2
A4109,3
A4070,3
A1909,3
A0324,5
A1409,2
A3223,2
A4870,7
A5311,3
A6648,4
A0881,5
A4003,6
A0408,8
A3494,7
A0977,4
A0078,5
A3049,2
A6718,5
A5877,3
A2137,5
A1392,5
A2945,1
A0223,3
A3518,6
A3752,2
A6254,7
A4022,1
A2920,3
A1689,5
A2613,2
A2353,5
A2430,5
A2395,8
A4758,8
A0471,2
A6205,5
A4899,3
A3045,3
A4040,7
A6474,7
A3097,6
A0917,8
A3222,3
A5960,2
A5892,8
A5350,5
A4546,5
A4055,5
A0783,9
A6064,1
A0999,8
A2665,5
A3003,8
A0514,2
A0472,8
A3504,2
A5735,1
A5861,1
A0266,5
A6598,2
A5488,5
A4234,1
A0067,8
A3240,5
A0424,2
A6314,1
A4750,5
A0385,6
A6513,5
A1111,8
A4259,5
A0457,5
A3677,2
A4680,8
A2020,5
A5668,2
A2331,5
A0828,7
A4710,5
A1117,5
A1003,5
A5450,3
A0404,8
A2904,5
A6289,3
A0017,2
A4515,5
A5659,3
A0795,2
A3972,8
A0506,4
A1521,3
A0214,2
A0769,2
A1374,2
A2016,2
A1825,8
A3984,1
A2427,8
A4510,2
A6104,6
A3562,9
A0983,1
A5124,8
A1202,8
A5630,2
A0988,8
A2946,6
A5560,3
A6257,2
A0076,8
A1038,3
A1583,2
A0475,7
A5947,3
A3863,6
A1194,6
A2406,2
A0406,2
A4566,2
A3616,8
A5539,3
A0187,8
A1401,1
A2400,3
A0884,5
A1814,5
A2875,8
A1976,5
A0101,2
A0546,6
A4847,8
A6134,8
A6198,8
A0834,5
A4941,6
A3938,3
A6102,7
A6870,1
A0027,5
A3987,1
A0726,5
A4477,5
A2078,7
A1963,6
A5368,8
A3289,2
A6659,7
A0213,8
A5944,1
A0971,5
A6615,3
A0751,2
A6069,9
A2909,1
A3056,8
A2621,5
A2258,3
A1363,9
A1774,8
A4745,3
A3157,1
A4463,8
A6431,8
A4971,4
A0555,3
A1655,1
A3886,1
A3498,1
A3919,8
A4227,5
A2581,8
A2700,1
A3453,8
A2048,5
A1485,2
A6341,7
A1093,2
A6140,9
A2756,2
A3279,2
A2488,6
A3234,3
A5393,4
A2518,1
A4440,5
A0262,3
A2535,2
A5483,5
A5548,5
A4597,1
A4842,8
A0129,7
A4267,3
A4520,8
A4297,5
A0586,2
A1128,5
A5504,9
A5088,5
A2890,8
A5817,6
A4325,5
A0687,8
A1048,3
A0893,6
A6720,8
A4130,5
A1543,7
A4138,3
A6384,2
A5138,2
A0877,3
A5933,1
A1771,7
A3316,2
A0572,7
A5118,5
A4444,3
A3366,5
A2790,5
A1011,8
A5991,1
A0434,3
A1892,1
A0636,1
A6787,5
A5189,5
A6498,8
A3680,1
A4236,7
A3447,5
A6773,7
A6126,2
A2502,6
A1157,7
A6048,8
A6762,8
A4619,5
A6221,3
A1182,2
A4868,8
A2223,2
A0375,2
A6702,1
A3304,1
A3017,8
A4336,3
A5407,8
A5559,2
A2853,5
A2603,3
A3533,5
A4310,1
A0441,5
A4569,9
A0378,7
A2575,5
A0189,1
A2628,8
A3941,5
A2981,1
A2764,2
A3441,5
A4534,7
A3042,5
A2306,1
A2555,5
A2229,5
A1956,5
A1161,5
A4284,1
A1761,2
A2461,4
A1862,1
A4200,9
A5739,5
A0161,5
A1112,8
A6180,5
A2829,3
A5144,5
A5279,9
A2030,8
A3499,9
A0379,5
A1808,1
A6597,2
A2881,8
A2732,9
A5969,2
A4215,7
A3541,3
A4173,8
A2166,7
A3185,6
A3022,3
A3030,5
A2840,5
A1434,9
A1137,1
A3439,6
A3740,5
A0088,7
A5513,7
A2503,5
A5245,5
A1142,2
A5704,1
A0059,1
A2125,1
A5048,8
A2164,5
A3277,2
A0619,3
A4079,6
A0256,9
A3410,1
A6296,9
A1449,2
A0380,7
A4649,1
A6156,8
A4155,9
A0618,8
A2772,5
A5329,5
A0705,3
A3728,5
A0683,1
A6561,5
A5674,2
A3270,3
